[{"model": "panampath.pathsegment", "pk": 14, "fields": {"title": "Pan Am Path West", "description": "<p><strong>Pan Am Path West</strong></p>\r\n\r\n<p>Starting at the Claireville Reservoir in the west end of the city, the Pan Am Path follows the Humber River Trail towards the Waterfront / Martin Goodman Trail.</p>\r\n\r\n<p><u>Humber River Trail</u></p>\r\n\r\n<p>This portion of the Pan Am Path is a paved 9.3 kilometer trail primarily used for hiking, walking, trail running, and road biking and is accessible year-round.</p>\r\n\r\n<p>The trail is best known for a corridor of over 60 different animal species, from migratory birds, ducks, turtles to sport fish like trout, pike and salon. Spring and fall fish migration is a popular site at the Old Mill Bridge.</p>\r\n\r\n<p>The Humber River has been recognized by its designation in 1999 as a Canadian Heritage River</p>\r\n\r\n<p><em>Access Points</em></p>\r\n\r\n<p>Claireville Dam</p>\r\n\r\n<p>Humber Arboretum (Accessible, Parking, Washrooms)</p>\r\n\r\n<p>Albion (Accessible, Parking)</p>\r\n\r\n<p>Scarlett Mills Park (Accessible)</p>\r\n\r\n<p>Centennial Park</p>\r\n\r\n<p>James Gardens (Accessible, Parking, Washrooms)</p>\r\n\r\n<p>Old Mill (Accessible, Parking, Washrooms)</p>\r\n\r\n<p><em>On Road Connections</em></p>\r\n\r\n<p>St. Phillips Stairs (Albion Rd. &amp; Cruckshank Park</p>\r\n\r\n<p><em>Resources</em></p>\r\n\r\n<p><a href=\"https://drive.google.com/file/d/1gUitf69hCAmqXySUZxMB_1AXERNly6-u/view?usp=sharing\" target=\"_blank\">Link to Download Pan Am Path Map PDF</a></p>\r\n\r\n<p><a href=\"https://www.toronto.ca/wp-content/uploads/2017/08/867d-parks-trails-map-west.pdf\" target=\"_blank\">Link to City of Toronto Map West</a></p>\r\n\r\n<p><a href=\"https://www.toronto.ca/services-payments/streets-parking-transportation/cycling-in-toronto/cycling-google-map/\" target=\"_blank\">City of Toronto Cycling Map</a></p>", "picture": "", "geom": "{\"type\":\"MultiLineString\",\"coordinates\":[[[-79.6303250717756,43.73572088942423],[-79.62968668638496,43.73597614143092],[-79.6295018379169,43.73651821080864],[-79.62866393572767,43.736687455789266],[-79.62708176375601,43.73621783171498],[-79.62569173643716,43.735616732128975],[-79.62430018596935,43.73526898988237],[-79.6234817900404,43.734793945157314],[-79.62307487483487,43.73366249507146],[-79.62286076697637,43.732891352336694],[-79.62177922119736,43.731503189572756],[-79.61985396352249,43.73083990829007],[-79.61924300398097,43.73061384258016],[-79.61863918477322,43.73042464847632],[-79.61819325442777,43.73078628734264],[-79.61656368148398,43.72931372436841],[-79.61578293601634,43.728689749213636],[-79.61341986010667,43.72729398585497],[-79.61267980354025,43.7257087888442],[-79.61210497262073,43.724582887533764],[-79.61216427458567,43.72408993697239],[-79.6116951708973,43.723350478442896],[-79.61096459635884,43.723116545677804],[-79.60996377092671,43.723035371287004],[-79.60915879652022,43.72323231203392],[-79.60842576241704,43.723412168166725],[-79.6075996446598,43.723443887552136],[-79.60678413524876,43.723769562788966],[-79.60573762320567,43.72377892247595],[-79.60517726678518,43.72467891736286],[-79.60337330048789,43.72652904731471],[-79.60275336969063,43.726400513323604],[-79.6018924486998,43.72658850776179],[-79.60149867998554,43.726966240547476],[-79.60092611217989,43.727438050048214],[-79.60008516631207,43.727926688191545],[-79.5991776236042,43.72795519071016],[-79.59850630912116,43.72756534106339],[-79.5979180566792,43.72688529898845],[-79.5978903178184,43.72642715824794],[-79.59742230901611,43.72566914513123],[-79.59678407947649,43.72542067356152],[-79.59433002324658,43.725763959878925],[-79.59358037071071,43.72530879850586],[-79.59275971166791,43.72586771267068],[-79.59186438165489,43.72624855099756],[-79.59113119039102,43.72619954928091],[-79.5904737689125,43.72656682599067],[-79.58983167583939,43.72595505495987],[-79.58884536419646,43.72660624007355],[-79.5879672393494,43.727087299902095],[-79.58780724191458,43.72780588180548],[-79.58728102341412,43.728178897130206],[-79.58624028702617,43.7285792009628],[-79.58527726397735,43.72875805442464],[-79.58423091302393,43.72861576790258],[-79.58303977909965,43.72833934189678],[-79.58180900401204,43.72812922267858],[-79.58080802403857,43.7281381311953],[-79.57984765831499,43.72835453733241],[-79.57907287971469,43.72882763340507],[-79.57885615775012,43.72939655021228],[-79.57913003512658,43.730105206281806],[-79.58013721901808,43.73172310302366],[-79.58009652749753,43.73235993240237],[-79.57964283472394,43.732897861670764],[-79.57849832055219,43.73331358270306],[-79.57751306319552,43.73356475544972],[-79.57670110430627,43.73385601401743],[-79.57579129848456,43.734150232174564],[-79.57489791857371,43.734922822622735],[-79.57410683193304,43.73530853545127],[-79.57334574857668,43.73554825636462],[-79.5723044267652,43.73571795499191],[-79.57120029306681,43.73581373986107],[-79.57055047685573,43.73571355760141],[-79.57002893781464,43.73504460069495],[-79.56962405129163,43.73452165888675],[-79.56858940095118,43.73424638671929],[-79.56820109749971,43.73370604367863],[-79.5679816435586,43.73281142994005],[-79.56775317645226,43.73228175907949],[-79.56722574781453,43.73184942580969],[-79.56020108955273,43.72903216599052],[-79.56015306517656,43.728559298669104],[-79.55945128247551,43.728424483038786],[-79.55919187828842,43.728038384219055],[-79.55842884221057,43.727548199125295],[-79.5575868459855,43.72745414717412],[-79.55686797467935,43.727357248250165],[-79.55610462689947,43.72711143366385],[-79.55434853174667,43.727570019664135],[-79.55367312060844,43.72648700777957],[-79.55216468450091,43.726761328488294],[-79.55170915949566,43.7271973365269],[-79.55194187648887,43.727877826969944],[-79.55288308694435,43.7284090595382],[-79.5533209025598,43.72899097617948],[-79.55289206081943,43.72940283421321],[-79.55203590048768,43.72973101619239],[-79.55080969091797,43.730015358362344],[-79.55105306078623,43.730488552988305],[-79.55054178433785,43.73082938757249],[-79.55074723133295,43.73120348373489],[-79.5502673189185,43.7317011122354],[-79.55059542851815,43.732026856141246],[-79.5506367421331,43.73297431139717],[-79.55071398922884,43.73396118882339],[-79.54983465555416,43.73418470578731],[-79.54737431813555,43.73367179170196],[-79.54653660977785,43.73370240603354],[-79.54518817110511,43.733166034074095],[-79.54432697770244,43.7327180624086],[-79.54324714693941,43.731998896869364],[-79.5423451048555,43.73191254901239],[-79.54113247396891,43.732097762355856],[-79.54052147513723,43.73226944435394],[-79.53976011805936,43.73215515898074],[-79.53878597851146,43.73220843801976],[-79.53824329480997,43.73176674625643],[-79.5383377876715,43.73112244143642],[-79.53788393904689,43.72926323317884],[-79.53809956874467,43.728796511679725],[-79.53797565802235,43.727770249898946],[-79.53756254020847,43.727273237035426],[-79.53850878635421,43.72602159676093],[-79.53905252041295,43.72566565133079],[-79.53915903082817,43.72521113942315],[-79.5397347994731,43.724248900586176],[-79.54052483051782,43.72370043176819],[-79.54126551048832,43.72358489347127],[-79.54144201241435,43.72282639480613],[-79.54270813032055,43.72187074414333],[-79.54289161280032,43.72124623854778],[-79.54365683341166,43.720727575696124],[-79.54382049792912,43.720253964627766],[-79.54365972254892,43.719804148134045],[-79.5437251092517,43.71897102104548],[-79.54426077048994,43.718831247563905],[-79.54476276267087,43.717873982696375],[-79.54403355281103,43.71702407901721],[-79.54328799823999,43.71663339622928],[-79.5424246962648,43.716277846543164],[-79.54102031100776,43.714998991441995],[-79.53969707567013,43.71468725576009],[-79.53849357058061,43.71415973534509],[-79.53819804039085,43.713484163996185]],[[-79.53899767133409,43.71171541174646],[-79.53862965339796,43.711249766219574],[-79.53880217130065,43.71086288267362],[-79.53894375212258,43.71038786779888],[-79.53866378869861,43.70963769205175],[-79.53788120968967,43.70906119855104],[-79.53722620324699,43.708972194774255],[-79.53463056619512,43.70968910340484],[-79.53330116491999,43.70683069834746],[-79.53281532623807,43.70632714014179],[-79.53255260596053,43.70586167808092],[-79.53234610467918,43.70526641932205],[-79.53142471349567,43.70521353763224],[-79.53028246440228,43.704612241466464],[-79.52877921721667,43.703514716811156],[-79.52843858452981,43.70306883549657],[-79.52692055114312,43.702463651988545],[-79.52204899949722,43.70053845473983],[-79.52102683164414,43.70019195042994],[-79.52069127524737,43.69962738263491],[-79.52058991577361,43.69905973457994],[-79.52011335873978,43.698387632819255],[-79.51917612968828,43.69775374267916],[-79.51801242161311,43.697301444037535],[-79.51694515388226,43.69728536579715],[-79.51562297152122,43.69733506629449],[-79.5147602169891,43.697404371186906],[-79.51435685099568,43.69581008935669],[-79.5139551247121,43.69439198405264],[-79.51374725875213,43.69354902375416],[-79.51396944466978,43.692844786593895],[-79.51383870793508,43.69172600035219],[-79.51386293687393,43.69059726301345],[-79.51479377079524,43.689856289346],[-79.5132295478834,43.6877934689946],[-79.51216598914472,43.68555833710849],[-79.51155393733644,43.684478971810165],[-79.50961876806106,43.68229405259573],[-79.50756764825202,43.68172350275959],[-79.50683278060752,43.68122137224848],[-79.50734089943582,43.68001946905793],[-79.50810775713764,43.678663150036265],[-79.50837566371776,43.67811934194858],[-79.50939580157866,43.67632559193962],[-79.51023643574446,43.675764241231384],[-79.51232477382293,43.674573378823396],[-79.5127866585972,43.673993275383616],[-79.51290584664095,43.67341765355331],[-79.51291361299809,43.67244623094245],[-79.5129456423456,43.671963292623786],[-79.51209615217523,43.66906956371265],[-79.51182106335183,43.66834598984541],[-79.51241575152382,43.66787086170519],[-79.51325240690495,43.6670779051122],[-79.51354548014935,43.66596315402296],[-79.51339718594683,43.66535065259742],[-79.51372591895053,43.66430566448528],[-79.51328151044437,43.66389036524194],[-79.5133310579695,43.66297983640215],[-79.51232796942351,43.662335976339044],[-79.51132882299136,43.66247743155967],[-79.50967256416335,43.662495864049866],[-79.50856433511946,43.662953167061644],[-79.5071762945736,43.66339733997728],[-79.50589156622301,43.6633439732325],[-79.50492889940506,43.662742253459555],[-79.50412848789712,43.66267290756951],[-79.5030725383549,43.66232364250279],[-79.50291402084987,43.66155584531177],[-79.50168629206019,43.66078995550524],[-79.4998020742787,43.65978522150476],[-79.49876285973005,43.658997350389605],[-79.49882243410684,43.65818291023009],[-79.49919275444701,43.65713635711072],[-79.50013154855698,43.6563478893469],[-79.50099535868505,43.65602791446036],[-79.50167810398854,43.65562568532303],[-79.50220919970889,43.65499069420872],[-79.50232424918796,43.65432029986879],[-79.50152278732276,43.65328920659833],[-79.50058020825963,43.65271406279883],[-79.49951173563024,43.65258616176927],[-79.49682453414427,43.65296447223924],[-79.496008438,43.653099233965925],[-79.4948296333314,43.6527642512802],[-79.49362932908117,43.6527408778793],[-79.49285303126089,43.65275905845534],[-79.49153919675155,43.652209286432246],[-79.49072934512515,43.65138360548421],[-79.49180347815854,43.650251002821925],[-79.49253697850509,43.64985248954734],[-79.49345774628456,43.648928082618106],[-79.49418469303055,43.647982826914436],[-79.49463838711382,43.64731599723445],[-79.49468851875282,43.6466252195461],[-79.4945184577955,43.64609058112896],[-79.49355329212268,43.64567738869361],[-79.49283488705987,43.645111318413434],[-79.49262807669584,43.644365264735775],[-79.492846475041,43.64343459217888],[-79.49288197763964,43.64246762408385],[-79.49250845907956,43.64175154870228],[-79.49172739929055,43.641199334910844],[-79.49060972750887,43.64069356042753],[-79.4897678832058,43.64000790051328],[-79.48889249033529,43.639615698944304],[-79.4880809597089,43.63968662206618],[-79.48615952365799,43.63512959706549],[-79.48527820059098,43.63496173309585],[-79.48430468444714,43.635363111043844],[-79.48359665984755,43.636108711587646],[-79.4820525639807,43.63654272399847],[-79.48072484432487,43.63635410785937],[-79.47938268684085,43.63658397448805],[-79.4784725693171,43.63638587330298],[-79.47757158282913,43.63555489237869],[-79.47658725926887,43.6341555501205],[-79.4762321547023,43.633406056010294],[-79.4751257565804,43.633364463042454],[-79.47446603269783,43.63325117540226],[-79.4718522540643,43.63162508834306],[-79.47091607406038,43.630952682367784],[-79.47149090759923,43.63070923860553],[-79.47238030610607,43.63078059786605],[-79.47080511861714,43.632367429877284]],[[-79.51176511414816,43.68381115565941],[-79.51404879509937,43.68334100722463],[-79.51651533512631,43.68326626763896],[-79.51978259574389,43.68318275672291],[-79.52068467711798,43.68312178612277],[-79.52216034260347,43.68308510712698],[-79.52399153698934,43.682599631839146],[-79.52574107854163,43.68225113150525],[-79.5268212989322,43.68203182212588],[-79.52983875395148,43.68147831362844],[-79.53802423115123,43.679753676759645],[-79.54017245530851,43.67927624067623],[-79.5434892686899,43.678580782125735],[-79.54660398521811,43.67793920449796],[-79.5488776000275,43.677437688309915],[-79.55073731645827,43.67690411419138],[-79.55204717087327,43.676635404866374],[-79.55301417270677,43.67655329465784],[-79.55430818663446,43.6762755273474],[-79.56049677493867,43.674720922069255],[-79.56193326812355,43.6743263242182],[-79.56445060248372,43.674083931479856],[-79.56552910458414,43.6739517593008],[-79.56679994516891,43.67364026011998],[-79.56793302655569,43.67339964168921],[-79.56920663709754,43.672542504399516],[-79.57020816451404,43.67206222116551],[-79.57124265769382,43.67165843551915],[-79.57219221993002,43.6712508063122],[-79.57325628682158,43.67107928910107],[-79.57426315770137,43.67100002221344],[-79.57523745179061,43.670773277943546],[-79.5757787708135,43.67066813290297],[-79.57671038660921,43.67046475294269],[-79.57772186098738,43.67031781167436],[-79.5787530000962,43.67017603768231],[-79.57946867318242,43.67030367483547],[-79.58034161041725,43.67021514828885],[-79.58153641142418,43.67005531287299],[-79.58304164800211,43.66971492317312],[-79.58385637553876,43.66952231919268],[-79.5849582081428,43.669169905714114],[-79.58581315964695,43.668499105067916],[-79.58645567967324,43.66760286792624],[-79.58723490461126,43.66607891234137],[-79.58727224206088,43.66555449421436],[-79.58626017963981,43.665183767416416],[-79.58813269287931,43.66221441242999],[-79.58932413981529,43.660357809034835],[-79.58976702517248,43.65957895178304]]]}"}}, {"model": "panampath.pathsegment", "pk": 15, "fields": {"title": "Pan Am Path Central", "description": "<p><strong><font style=\"vertical-align:inherit\"><font style=\"vertical-align:inherit\">Pan Am Central Path</font></font></strong></p>\r\n\r\n<p><font style=\"vertical-align:inherit\"><font style=\"vertical-align:inherit\">Continuing from Sheldon Lookout Park, the Pan Am Path crosses the Waterfront / Martin Goodman Trail to the Lower Don River.</font></font></p>\r\n\r\n<p><u><font style=\"vertical-align:inherit\"><font style=\"vertical-align:inherit\">Waterfront / Martin Goodman Trail</font></font></u></p>\r\n\r\n<p><font style=\"vertical-align:inherit\"><font style=\"vertical-align:inherit\">Toronto&#39;s Waterfront Trail is divided into three sections: Etobicoke (west), Toronto (central), and Scarborough (east) based on the City of Etobicoke.</font></font></p>\r\n\r\n<p><font style=\"vertical-align:inherit\"><font style=\"vertical-align:inherit\">Trail surface is largely asphalted, routed along quiet residential streets. </font><font style=\"vertical-align:inherit\">One stretch of Trail (2Km to Royal York to Park Lawn) follows Lake Shore Blvd. </font><font style=\"vertical-align:inherit\">- a busy road with parking on both sides - cyclists should use caution. </font><font style=\"vertical-align:inherit\">Toronto - Asphalt mostly off-road, but with many street crossings in central area.&nbsp;</font></font></p>\r\n\r\n<p><font style=\"vertical-align:inherit\"><font style=\"vertical-align:inherit\">In Sunnyside Park area, asphalt path for cyclists and in-line skaters and boardwalk for pedestrians.</font></font></p>\r\n\r\n<p><font style=\"vertical-align:inherit\"><font style=\"vertical-align:inherit\">Information provided by the Waterfront Trail website.</font></font></p>\r\n\r\n<p><em><font style=\"vertical-align:inherit\"><font style=\"vertical-align:inherit\">Access Points</font></font></em></p>\r\n\r\n<p><font style=\"vertical-align:inherit\"><font style=\"vertical-align:inherit\">Sheldon Lookout Park (accessible, parking)</font></font></p>\r\n\r\n<p><font style=\"vertical-align:inherit\"><font style=\"vertical-align:inherit\">Sunnyside Park (washrooms, accessible, parking)</font></font></p>\r\n\r\n<p><font style=\"vertical-align:inherit\"><font style=\"vertical-align:inherit\">Exhibition Place (accessible, parking)</font></font></p>\r\n\r\n<p><font style=\"vertical-align:inherit\"><font style=\"vertical-align:inherit\">Queens Quay (accessible)</font></font></p>\r\n\r\n<p><em><font style=\"vertical-align:inherit\"><font style=\"vertical-align:inherit\">Resources</font></font></em></p>\r\n\r\n<p><a href=\"https://drive.google.com/file/d/1gUitf69hCAmqXySUZxMB_1AXERNly6-u/view?usp=sharing\" target=\"_blank\"><font style=\"vertical-align:inherit\"><font style=\"vertical-align:inherit\">Link to Download Pan Am Path Map PDF</font></font></a></p>\r\n\r\n<p><a href=\"https://www.toronto.ca/wp-content/uploads/2017/08/867d-parks-trails-map-west.pdf\" target=\"_blank\"><font style=\"vertical-align:inherit\"><font style=\"vertical-align:inherit\">Link to City of Toronto West Map</font></font></a></p>\r\n\r\n<p><a href=\"https://www.toronto.ca/services-payments/streets-parking-transportation/cycling-in-toronto/cycling-google-map/\" target=\"_blank\"><font style=\"vertical-align:inherit\"><font style=\"vertical-align:inherit\">City of Toronto Cycling Map</font></font></a></p>", "picture": "", "geom": "{\"type\":\"MultiLineString\",\"coordinates\":[[[-79.47088028726287,43.63232981081133],[-79.47062365303283,43.63267037027807],[-79.46961042238401,43.63296295136074],[-79.46930494261323,43.63321549156188],[-79.46911414495845,43.633642789584336],[-79.46885148361618,43.63406463419713],[-79.46803537044617,43.63451344314487],[-79.46645774369246,43.63513348619213],[-79.46619326845395,43.63560103548562],[-79.46420248394134,43.63623552544181],[-79.46331460399962,43.63625372333589],[-79.46224402345253,43.636419269511904],[-79.46149513183629,43.63668122534348],[-79.46101416775491,43.63687424367651],[-79.46050119266148,43.63694162746242],[-79.45952080990538,43.63744082805035],[-79.45803623209942,43.637753898902794],[-79.4567646109499,43.63792748802141],[-79.45548438787229,43.637965492667185],[-79.45372973466876,43.63789346471311],[-79.45301416111762,43.63765688389841],[-79.4525246527337,43.63774037427872],[-79.45059178455269,43.63744115315861],[-79.44837234041188,43.63701712851076],[-79.44738897225761,43.63686966889558],[-79.44605100834453,43.63695807447278],[-79.44556667054712,43.63693617735137],[-79.44250187087165,43.63573361769245],[-79.44112214281633,43.63512752833059],[-79.44041741662659,43.634860228697974],[-79.43912285525586,43.6344431324116],[-79.43799800515991,43.63378696697426],[-79.43619735626271,43.63250685984952],[-79.4356757006608,43.632236230841755],[-79.43489883444273,43.63214032121042],[-79.43347078733497,43.6316684390263],[-79.4323524122592,43.63131865617194],[-79.43170560174622,43.6314202978404],[-79.431255205418,43.63130017335103],[-79.43059225974139,43.63133006313523],[-79.42968434770592,43.63124341528165],[-79.42830561369193,43.630750910668375],[-79.42789085616823,43.6306398220731],[-79.42594039253892,43.629955148958615],[-79.42531304899603,43.62980308342401],[-79.42366995630438,43.62994731363147],[-79.41983874683501,43.630267977269234],[-79.41588242174475,43.63089501252524],[-79.41546575078976,43.63098061672591],[-79.41449414807721,43.63115737350857],[-79.41099272458814,43.63220627136213],[-79.41058489261195,43.63232125490194],[-79.40967629692751,43.632343421491825],[-79.40939970721958,43.63207394916101],[-79.40895042280319,43.632096242863646],[-79.40877181754331,43.63259442441017],[-79.4087267163559,43.633803711539144],[-79.4083801560919,43.63429730537671],[-79.40784059333966,43.634488848402576],[-79.40734895870266,43.634280715928924],[-79.40631516750729,43.63399205036802],[-79.40571798113524,43.633922348045985],[-79.40491103567184,43.63392477749563],[-79.40411667223088,43.63414173463233],[-79.4038434981485,43.634446720155346],[-79.40360383465305,43.63501038995104],[-79.40330719124178,43.6351701082361],[-79.40290973710945,43.63525745754081],[-79.4025487219915,43.635151571623],[-79.40166511485587,43.63423086366997],[-79.40130507413416,43.634219992340185],[-79.40014819403586,43.63469295592748],[-79.3982695934392,43.63577458769586],[-79.39710282335001,43.63640129630936],[-79.39599008641382,43.63675335095731],[-79.39505954585913,43.63701183290516],[-79.39402940144647,43.63718526824765],[-79.3931174503814,43.63728365411613],[-79.39165573421633,43.63763333306058],[-79.39010918140413,43.63795997061397],[-79.38879062814523,43.63822286613232],[-79.38750057401195,43.63853597508813],[-79.38642372995675,43.6387507142721],[-79.38496954440781,43.63908429084086],[-79.38311386438728,43.639372591677336],[-79.38193302972651,43.63954607660012],[-79.38111250885414,43.63968217924387],[-79.38023941576832,43.63985577653476],[-79.37729158031289,43.640975248451646],[-79.37596334857517,43.64137902817459],[-79.37134766762028,43.643011022572324],[-79.36700697464404,43.64445665504887],[-79.36472054207117,43.645340222781215],[-79.36219355018694,43.64621803256648],[-79.36161267120043,43.64637529353553],[-79.3609614117304,43.64765753221708],[-79.36062825203408,43.64778726564645],[-79.35773544639234,43.64868914767462],[-79.35615064197918,43.6494706455969]]]}"}}, {"model": "panampath.pathsegment", "pk": 16, "fields": {"title": "Pan Am Path East", "description": "<p><strong>Pan Am Path East</strong></p>\r\n\r\n<p>At the Lower Don River, the Pan Am Path continues North and transfers to the Hydro Corridor Trail in the East end of the city. The trail follows the corridor to Highland Creek and Waterfront/Martin Goodman Trail where it ends at the shore of Lake Ontario, just a few minutes south of Rouge Park.</p>\r\n\r\n<p><u>Lower Don Trail</u></p>\r\n\r\n<p>The Lower Don Trail contributes a 2.5 kilometre section of the Pan Am Path for pedestrians and cyclists that runs from Queen Street, along the Don River to Pottery Road.&nbsp;</p>\r\n\r\n<p>The Don Valley is home to the iconic Evergreen Brickworks and a wide array of plant and&nbsp;animal species. Revitalization of sensitive natural habitat is ongoing.</p>\r\n\r\n<p><em>Access Points</em></p>\r\n\r\n<p>Evergreen Brickworks (Parking, Accessible, Washrooms)</p>\r\n\r\n<p><u>Gatineau Corridor Trail</u></p>\r\n\r\n<p>Approximately seven (7) kilometres of the Gatineau Hydro Corridor Trail has been built and three (3) kilometres upgraded as part of federal and provincial infrastructure funding programs.</p>\r\n\r\n<p>The existing Gatineau Hydro Corridor Trail runs easterly from Victoria Park Avenue to Orton Park Road and continues again from Conlins Road to Meadowvale Road.</p>\r\n\r\n<p><em>Access Points</em></p>\r\n\r\n<p>Pharmacy Avenue (Accessible, parking)</p>\r\n\r\n<p>Jack Goodland Park (Accessible, parking, Washrooms)</p>\r\n\r\n<p>Thompson Memorial Park (Accessible, parking, Washrooms)</p>\r\n\r\n<p><em>On Road Connections</em></p>\r\n\r\n<p>Alder Rd. stairs to Pharmacy Ave. (5 km)</p>\r\n\r\n<p>Jack Goodland Park to Marcos Blvd. (1.75 km)</p>\r\n\r\n<p>Orton Park to Lawrence Ave. (3 km)</p>\r\n\r\n<p><u>Highland Creek Trail</u></p>\r\n\r\n<p>This portion of the Pan Am Path follows the Highland Creek to the Kingston overpass, then on to Rouge Beach Park.</p>\r\n\r\n<p><em>Access Points</em></p>\r\n\r\n<p>Morningside Park (Parking)</p>\r\n\r\n<p>Colonel Danforth Park (Parking, Accessible, Washrooms)</p>\r\n\r\n<p>East Point Park (Parking, Accessible, Washrooms)</p>\r\n\r\n<p><u>Waterfront / Martin Goodman Trail East</u></p>\r\n\r\n<p>From Highland Creek Trail, the Pan Am Path then leads back onto the Waterfront Trail to Rouge Beach Park.</p>\r\n\r\n<p><em>Access Points</em></p>\r\n\r\n<p>Rouge Beach Park (Parking, Accessible, Washrooms)</p>\r\n\r\n<p><em>Resources</em></p>\r\n\r\n<p><a href=\"https://drive.google.com/file/d/1gUitf69hCAmqXySUZxMB_1AXERNly6-u/view?usp=sharing\" target=\"_blank\">Link to Download Pan Am Path Map PDF</a></p>\r\n\r\n<p><a href=\"http://www.toronto.ca/wp-content/uploads/2017/08/867d-parks-trails-map-west.pdf\" target=\"_blank\">Link to City of Toronto Map West</a></p>\r\n\r\n<p><a href=\"https://www.toronto.ca/services-payments/streets-parking-transportation/cycling-in-toronto/cycling-google-map/\" target=\"_blank\">City of Toronto Cycling Map</a></p>", "picture": "", "geom": "{\"type\":\"MultiLineString\",\"coordinates\":[[[-79.35621772438026,43.649468588253704],[-79.35583497819607,43.64975750260892],[-79.35324160425809,43.650603166790425],[-79.35172540506757,43.65089951407209],[-79.35109759200714,43.65095062279166],[-79.35027266212275,43.650867700391956],[-79.3498240011104,43.65091567534314],[-79.3492400221294,43.651139628539774],[-79.3488872186572,43.65133645391324],[-79.3487638566876,43.65180228181784],[-79.34887022827753,43.652193456223344],[-79.34961324863254,43.65280151926121],[-79.35036044291338,43.65363264376301],[-79.35074913926655,43.65387897147086],[-79.35100265123766,43.654469206467994],[-79.35293056427328,43.6562774281597],[-79.35386514516723,43.65711781851023],[-79.35446147304901,43.65772681852684],[-79.35481213127788,43.65860842703891],[-79.35547735709407,43.66062942157611],[-79.35632530578006,43.66351170365828],[-79.35676551940561,43.66494328277234],[-79.3570678003016,43.665980499026674],[-79.3575022002915,43.66756756022387],[-79.35758083302065,43.66797301089699],[-79.35788960923675,43.66851383300282],[-79.35733295787942,43.668749193372044],[-79.3577057364746,43.669532476004065],[-79.35801632658696,43.67013171299211],[-79.35865447754624,43.67087257789775],[-79.35882563207997,43.671030818713334],[-79.35912775516046,43.67098027841791],[-79.35980714377366,43.67149556263993],[-79.3602855140489,43.672230455107496],[-79.36080001098163,43.67255260149459],[-79.36135939300586,43.67323574479731],[-79.36229565028044,43.674367122022765],[-79.36260914655578,43.67503920975003],[-79.36276840140637,43.67578503772276],[-79.36287820564759,43.676051619118695],[-79.3633204689104,43.67685828271434],[-79.36351163654764,43.677398418069735],[-79.3633993923868,43.677702295025],[-79.36319343854849,43.67811726948462],[-79.36335962025625,43.679239780021824],[-79.36434006063793,43.67996957235464],[-79.36513124419436,43.68025983504691],[-79.36568155542774,43.680625855129236],[-79.36584560891788,43.680966139848614],[-79.36577321808728,43.68129506636529],[-79.36549881291285,43.681624725349124],[-79.36504658304331,43.68187524057659],[-79.36460157077819,43.681987322211334],[-79.36402108207405,43.68250879042206],[-79.3639128193172,43.68286724847014],[-79.36273149483897,43.68327981800199],[-79.36213058310388,43.6837171849405],[-79.36150598856331,43.68498275660954],[-79.36136251526479,43.68591064203602],[-79.36153700553405,43.68655549081205],[-79.36186762839499,43.68706341952961],[-79.36205042984513,43.68749723278829],[-79.36217609290908,43.688220490986566],[-79.36103743231799,43.689082862016335],[-79.36051745440638,43.69019095000519],[-79.35997736516585,43.69092414851073],[-79.35954606648012,43.69166355806617],[-79.35973666964857,43.6920789887558],[-79.35981666705631,43.69241568199409],[-79.3596242696367,43.692807790155186],[-79.35928869228519,43.693078259414655],[-79.35878219352162,43.69333324047467],[-79.35846475513246,43.69364287514306],[-79.3583288111404,43.69394188774351],[-79.35804008862762,43.694146230715184],[-79.35757976367314,43.69443129241024],[-79.35724640883566,43.694640259964096],[-79.35701232585417,43.69485948063594],[-79.35623393910647,43.69533863730865],[-79.35601464101639,43.695701475122405],[-79.35559044337425,43.69641521456068],[-79.35558580058569,43.69687550224995],[-79.35528435984452,43.6974899516156],[-79.35474600591989,43.69775581635852],[-79.35398334178899,43.697902251554375],[-79.35325303966239,43.69802770066733],[-79.35262889433945,43.698071436149064],[-79.3522383853997,43.69805651425661],[-79.35196604819795,43.698278740610846],[-79.35024873113436,43.698401763988436],[-79.3491173261282,43.698496298527054],[-79.34824834803295,43.6985546301883],[-79.34739583513876,43.698459108625045],[-79.34687347755245,43.698519259266455],[-79.34632735989,43.69837410859412],[-79.34538478213653,43.69815545043436],[-79.34440112388984,43.69807314337469],[-79.3437057389383,43.69823163628842],[-79.34276932712238,43.69859380940978],[-79.34152156296479,43.699205378801665],[-79.34108333742189,43.69938635001866],[-79.33997639578594,43.69992694392074],[-79.33976187669033,43.70039651307527],[-79.3391021514981,43.70102783634112],[-79.33848180946373,43.70143829262364],[-79.33803779123991,43.70161788846605],[-79.33766243913851,43.70187558420191],[-79.33732350509673,43.70194412023625],[-79.3366834420158,43.702361411442],[-79.33600366181055,43.70264294982855],[-79.3353408942494,43.70292984580288],[-79.33485091700278,43.70305307124734],[-79.334496984593,43.70291739249087],[-79.33392100181665,43.70279674918074],[-79.33357315283503,43.702873097668515],[-79.33314696580055,43.70296995239953],[-79.33279416232837,43.70289172746874],[-79.33198881597491,43.701874143141104],[-79.33178933912133,43.701694349706855],[-79.33149733980828,43.70139108947278],[-79.33082830873902,43.70140947923927],[-79.33027503175255,43.701564015072044],[-79.32976350122773,43.70161165362609],[-79.32891670243409,43.70160802870784],[-79.3280852962198,43.701764919249165],[-79.32683905390151,43.70175968758273],[-79.32611189171439,43.70176541301694],[-79.32567427254982,43.70162240008483],[-79.32509294565536,43.701549024457066],[-79.32497705405694,43.70178590413983],[-79.32541596128432,43.70237109733618],[-79.32573653830333,43.70257827520845],[-79.32541389331165,43.70315629718018],[-79.32541397189199,43.703782358475024],[-79.32584480236984,43.70470167634619],[-79.32572122495914,43.7051956740155],[-79.32532285405615,43.70642972800895],[-79.32536163410988,43.70693402002352],[-79.32520033027686,43.70732703489386],[-79.3247983112815,43.7075034680528],[-79.3234249809757,43.70803495205443],[-79.32289729826154,43.70806711649303],[-79.32206801764552,43.70811950195002],[-79.321095419582,43.70818102416523],[-79.32062809049968,43.7086560560567],[-79.32005903327082,43.70853867957599],[-79.31910707367935,43.7085728318452],[-79.31828832741304,43.708736910532295],[-79.31796195574863,43.70920030443752],[-79.31889585233876,43.70974973766475],[-79.31776862256814,43.710660869418405],[-79.31719347929176,43.712246367558514],[-79.31619206909092,43.713560686542586],[-79.31483481239411,43.71456203864094],[-79.31413888196404,43.714888144117545],[-79.3137342685077,43.7149465715301],[-79.31313532651986,43.7149696528154],[-79.31281749915799,43.714717681715314],[-79.31249313718584,43.71489750613864],[-79.31343464166277,43.71710760244483],[-79.31402357709887,43.71850414907246],[-79.31440351436322,43.71957997289984],[-79.3158714141464,43.72109193921092],[-79.31608712242452,43.72150452783826],[-79.31605070305524,43.721928844592526],[-79.31559113836558,43.7225769415261],[-79.31441112290487,43.7241554702535],[-79.31376479828033,43.72537261122844],[-79.31372677914624,43.7259323557726],[-79.31359571171926,43.726323595948664],[-79.31323003416766,43.726650526111186],[-79.31288097570359,43.72695904370134],[-79.31254941642695,43.72713591309633],[-79.31100167508704,43.72786210497286],[-79.31016515787634,43.728609757091526],[-79.30986088693317,43.72910213385557],[-79.30968235959881,43.72935191485893],[-79.30960126861464,43.72998704846532],[-79.30894946235641,43.73000142676027],[-79.30843908172392,43.72992103820164],[-79.30801991584305,43.72974609392378],[-79.30749231170923,43.72965503504349],[-79.30685482344417,43.72977445503921],[-79.30642202256422,43.73002916740551],[-79.30587255083083,43.73015443666494],[-79.30507436314657,43.73035431567418],[-79.30440716627346,43.728794669521406],[-79.30412408059057,43.72857337445923],[-79.30358307457938,43.72871532227205],[-79.30299123363513,43.72897984944604],[-79.30256732674026,43.729107264947416],[-79.3021648591821,43.72919172738335],[-79.30184260381795,43.72955266958494],[-79.30122569574452,43.729914595736815],[-79.3007942595432,43.730076416615134],[-79.3004359764018,43.730076416615134],[-79.29990134718538,43.72999377294247],[-79.29952646394669,43.72995764548961],[-79.29907657184232,43.73003918952374],[-79.29848291700183,43.73001804607],[-79.29777920384369,43.730362786636825],[-79.29567284205405,43.7313331870512],[-79.29503207567905,43.73255882317418],[-79.29451833966596,43.7326288056095],[-79.29353903215087,43.73316134881304],[-79.29364204836021,43.733826450648],[-79.29075060739707,43.735351772004655],[-79.2903796623432,43.73537478912473],[-79.28835316044571,43.736557340375455],[-79.28767535260704,43.736622906620376],[-79.28737498186821,43.73684841476965],[-79.28648856679503,43.73697520673809],[-79.28582745596941,43.736630786223],[-79.28469010243136,43.73709385181438],[-79.28540858345515,43.737598886449085],[-79.28498697896431,43.73789359198824],[-79.28490187121497,43.7381908339108],[-79.28442012525922,43.738495388571955],[-79.2840246618289,43.73856045899356],[-79.28348782974355,43.73860190953604],[-79.28296549180233,43.738590465231994],[-79.28207517259581,43.73840360918273],[-79.28171673229373,43.738617215443576],[-79.28151397667534,43.73889160715404],[-79.28030248978757,43.73931604558307],[-79.27683557354614,43.74084630018524],[-79.27433852470132,43.7419457214036],[-79.27274765519543,43.74258117301116],[-79.27241587982282,43.74273475821909],[-79.27208814347979,43.74213554072941],[-79.27121268905468,43.742433860107916],[-79.27085220042501,43.74236663731343],[-79.27045008385903,43.74209353012621],[-79.27008532307809,43.7420575788668],[-79.2693474130647,43.74209843420332],[-79.26920903046266,43.74186936663176],[-79.26787036456518,43.7422235093231],[-79.26750248283498,43.7418996375639],[-79.26718206101215,43.74171098816513],[-79.26627687833388,43.74207477082115],[-79.26440399445711,43.742501534390684],[-79.26277453545482,43.74288726960027],[-79.26413265129669,43.74580914563566],[-79.26397819508566,43.74630594695858],[-79.26360580677283,43.74625067800104],[-79.26300077873749,43.74637502634265],[-79.26245823058709,43.746575850781454],[-79.26173266947445,43.74656373152981],[-79.26070367626382,43.74680208235392],[-79.26117428214638,43.74804359279766],[-79.26030727445324,43.748235871775684],[-79.25906881617266,43.74846815674463],[-79.2584122119297,43.75015244675261],[-79.25798366159144,43.75144044387635],[-79.25842576769357,43.75263974233388],[-79.25774873910997,43.75264909845508],[-79.25701707230475,43.75261678861211],[-79.25640886438488,43.752727539635245],[-79.25568322403706,43.75334971617808],[-79.25557638358441,43.75364286605491],[-79.25520698066977,43.75371710734213],[-79.25507216823462,43.754520908898144],[-79.25392531433319,43.75517686850204],[-79.25107583330828,43.756936701849284],[-79.2516837472067,43.757475185987865],[-79.25239187199624,43.75812216634948],[-79.25279792936635,43.758230483947756],[-79.25254525558557,43.75870192084056],[-79.25203943916132,43.75850961873107],[-79.25075677747374,43.758583586756814],[-79.25001758005239,43.75875888237839],[-79.24956380869844,43.759166253506734],[-79.24897159711692,43.75924787032716],[-79.2482263725833,43.75874424471182],[-79.24756305626944,43.75946596694025],[-79.24734748550692,43.75981902012899],[-79.24672927038046,43.76018373653671],[-79.24629998073216,43.760374371089696],[-79.24561823208934,43.760925475063644],[-79.24503126574565,43.761162668631],[-79.24459395959276,43.761687899914826],[-79.24428818776505,43.762146320906304],[-79.24357715877704,43.76245302116484],[-79.24255471982178,43.763108330795674],[-79.24213198508369,43.763116417837416],[-79.24173841151061,43.763393500981564],[-79.24157344124978,43.763702506487924],[-79.24076062452514,43.76421841696747],[-79.23974444842315,43.76493958133348],[-79.2384670332831,43.76521511978586],[-79.23808452120285,43.76536292614079],[-79.23764973093057,43.76562398153665],[-79.2374928361096,43.76591239283933],[-79.23560532319244,43.76721843498728],[-79.23505941900657,43.767290631427656],[-79.23432784911711,43.76794401448345],[-79.23134076670978,43.770007822908475],[-79.23097370352481,43.77012204973649],[-79.23079012281961,43.77048642221351],[-79.23075621998579,43.770941915424274],[-79.23006980890933,43.77125588198181],[-79.2293639878335,43.771391630115446],[-79.22926729210305,43.77163631861316],[-79.22918674856193,43.771867470810385],[-79.22826976311627,43.772581935568255],[-79.22779687578442,43.77289392126274],[-79.22727102661158,43.77308550167335],[-79.2270964584168,43.773511649299415],[-79.22639908407292,43.77419567031986],[-79.22601442674932,43.77439385209672],[-79.22564075102855,43.77437664010996],[-79.22508532814392,43.774763648436426],[-79.22461938502238,43.77511468030097],[-79.22419602491574,43.775227630189256],[-79.22352715035233,43.775708510721586],[-79.22359123065691,43.77615741413948],[-79.22298659290391,43.77655987854356],[-79.22214648588125,43.77657286454617],[-79.22179887133099,43.77678970129455],[-79.2219051649954,43.77729762512194],[-79.22249236380596,43.778729416761806],[-79.21736758831688,43.77981566409272],[-79.21701182105609,43.77931863412538],[-79.21658534065502,43.77895140111418],[-79.21535821431463,43.778393969224375],[-79.21441312199023,43.77826896969583],[-79.21347130515642,43.77827711047904],[-79.21279244303152,43.77826065917392],[-79.21222202046921,43.778076462402574],[-79.21159848021489,43.77775934821882],[-79.21115842113069,43.777289976877896],[-79.21068805098913,43.77604496152713],[-79.20827460606233,43.77037307017973],[-79.2064453198691,43.766089683919056],[-79.20556641314762,43.764034600442564],[-79.20166905605585,43.764955261437244],[-79.20016428834062,43.765336175112544],[-79.20055655486067,43.76562436317224],[-79.20126651122702,43.76558253788282],[-79.20154776205891,43.76586153810995],[-79.2018469789764,43.76619049348695],[-79.20183106252809,43.76675008157975],[-79.20133326522775,43.767054279792106],[-79.20098434362446,43.76744557616361],[-79.20045392893371,43.767734302613086],[-79.20035128336167,43.767952101580775],[-79.20014082163108,43.76835111098138],[-79.19965427834542,43.76907502828058],[-79.19962897809457,43.76982475712737],[-79.19927069364348,43.770596704414764],[-79.19858209803353,43.77111573922303],[-79.19856602180518,43.77170835485989],[-79.19899410262587,43.77231823418768],[-79.19899410262587,43.77257034384774],[-79.19859299974634,43.77310200972545],[-79.19807216268966,43.77355566540421],[-79.19749822889571,43.77422177006984],[-79.19840621951153,43.77499381569337],[-79.19889641023475,43.77498512408607],[-79.19916845537956,43.77515530242567],[-79.19908880765435,43.77576673884461],[-79.19845781536425,43.7761992604037],[-79.19801083204221,43.77632398340274],[-79.19757192546967,43.77635429364709],[-79.19724106686772,43.77650405832228],[-79.19674167045743,43.77657993415034],[-79.19627822324402,43.77699361943378],[-79.19571671431187,43.777111353978206],[-79.19528365935548,43.77754038780395],[-79.19473494854175,43.777607402769874],[-79.1942277085036,43.77783177023159],[-79.19378841164873,43.77799506654034],[-79.19333411380651,43.77853455874873],[-79.19289352954367,43.77871275518375],[-79.1923015510838,43.77862786853215],[-79.19196093935172,43.778627093133984],[-79.19095357865444,43.779008257794054],[-79.18948940554402,43.779435630310374],[-79.18896919320106,43.779575416468596],[-79.18806303612656,43.77961575401298],[-79.18756240862422,43.779880323886424],[-79.1865864551801,43.780093401290216],[-79.18627395425575,43.78102365990286],[-79.18601138982922,43.781244367733244],[-79.18548813380768,43.781321280031385],[-79.18497096645297,43.78130598409888],[-79.1846298269229,43.781088403964084],[-79.18424975476229,43.78093376406032],[-79.18360982788727,43.78081134652782],[-79.18326394996258,43.78034063372699],[-79.18280303958454,43.77984895873468],[-79.18140912908713,43.78087725907311],[-79.18098978771015,43.78106479925821],[-79.18051705491963,43.78092638340523],[-79.17998137534596,43.78082889494103],[-79.17952151794454,43.78077570030772],[-79.1790623428824,43.78060697523939],[-79.17853122620727,43.78054348401939],[-79.17796987443582,43.78052626080105],[-79.17734908449349,43.78017609021749],[-79.17647659385695,43.7801773005637],[-79.17583112968715,43.77981238384541],[-79.17481425160078,43.78048506481323],[-79.17420740835952,43.78004401032787],[-79.17358767139378,43.7799872234243],[-79.17271892903955,43.78008669898819],[-79.17185102487566,43.77981673497195],[-79.17100666600163,43.780188371684716],[-79.17020549357403,43.78007305160308],[-79.16972394668848,43.77980004532921],[-79.16934371736717,43.77979552446823],[-79.16894909081748,43.77992278879593],[-79.16776556478,43.77992646452893],[-79.16734715850907,43.779856156551475],[-79.16676627952258,43.779831396795586],[-79.16617535534897,43.77957805088926],[-79.16595681817854,43.77916349651428],[-79.16605055012042,43.77870972735279],[-79.16612530098064,43.77828878690772],[-79.1659687178617,43.777942180967],[-79.16568768050638,43.7777400386302],[-79.16526607601554,43.77778096842585],[-79.16478556115182,43.77797480053544],[-79.16448291158305,43.778269913417745],[-79.1641445826099,43.77863826359441],[-79.16368136851816,43.778804628315555],[-79.16341755728355,43.77853950381062],[-79.16338577939315,43.77806040630992],[-79.16337916685735,43.77740651509373],[-79.16323386001751,43.77705208602324],[-79.16286207677332,43.77694199870599],[-79.16235817247072,43.77693857740154],[-79.16177372462698,43.776884335798705],[-79.1607932842453,43.77662206239218],[-79.16001604738995,43.776396366254964],[-79.15967611930682,43.77610565273403],[-79.15923469685369,43.77592711140501],[-79.15855698462111,43.7752924505056],[-79.15808928621118,43.775147034262226],[-79.1575577988988,43.77436766660186],[-79.157511236117,43.773863293986665],[-79.15719844182605,43.773782076797744],[-79.15680434307434,43.773767499548],[-79.15636771664141,43.77353289040285],[-79.15608494397021,43.7733005892437],[-79.15596255639686,43.772922798385814],[-79.15551740792581,43.77275558461081],[-79.15509106373067,43.77254655183972],[-79.1545841943298,43.77224938169355],[-79.15406369254926,43.7720350648804],[-79.15370768954746,43.771682633245625],[-79.1532761747658,43.77146221426619],[-79.15282476475114,43.771366259937224],[-79.15231857899927,43.771378078628],[-79.15205423865702,43.77112128803534],[-79.15172390785303,43.770856128991056],[-79.15168795734644,43.770514917948915],[-79.15137820542442,43.77031632965383],[-79.15108803965269,43.77030527112751],[-79.15044522625978,43.770066408162144],[-79.14967666991289,43.77016842252252],[-79.14939832655364,43.770435076515945],[-79.14909313883982,43.77054996454268],[-79.14872457346065,43.77048894283696],[-79.1482286673272,43.769814613047366],[-79.14767665875843,43.769842068072506],[-79.14662267765381,43.76941562759603],[-79.14630180792302,43.76882805947421],[-79.14598916948309,43.768436278455376],[-79.14556717601955,43.767353177692875],[-79.14528859691929,43.766983716685075],[-79.14360528156978,43.76789332912028],[-79.14253308030312,43.76867712032355],[-79.14171690819785,43.76927300122739],[-79.1413708154869,43.76934574396182],[-79.1408416882041,43.76940687937855],[-79.14038479590091,43.76996600092047],[-79.13997842682876,43.770264281362074],[-79.13949281995885,43.77050798806951],[-79.13904903747608,43.77062156611447],[-79.13881577173015,43.770891894848845],[-79.13874468795258,43.771151221917144],[-79.13850467346492,43.77139437601898],[-79.13809853882414,43.77164400966475],[-79.13754379958847,43.77186482257354],[-79.13732381915908,43.772226704312004],[-79.13704637030607,43.772716582023925],[-79.13666073858623,43.772954165515785],[-79.13630534065307,43.773159845795696],[-79.13587359405939,43.773784569621036],[-79.13540259789444,43.774162173937555],[-79.13516576329131,43.77444543128682],[-79.1347960480198,43.77464785167667],[-79.13423530000728,43.77490621844722],[-79.1341227637895,43.77519844494773],[-79.13422006196926,43.77574072322282],[-79.13378382843804,43.776177190206354],[-79.13227751923843,43.77771286926252],[-79.13167563179742,43.778463812971864],[-79.13089451438282,43.77926155008808],[-79.12961869835272,43.78064845268831],[-79.12939649475449,43.7808357264669],[-79.12893076543698,43.78102337930506],[-79.12848097352253,43.78147735595136],[-79.12826516832867,43.78169461128944],[-79.12791732000188,43.78185371414312],[-79.12778839781822,43.78209891014491],[-79.12737600163382,43.78244675902243],[-79.12725049311122,43.7828305331364],[-79.12691727578931,43.78304475547296],[-79.12632385341568,43.78362612733632],[-79.12606111480272,43.78389849658455],[-79.12534292583587,43.78423781515862],[-79.12509140391194,43.784612945007034],[-79.1248858200561,43.78493013441062],[-79.12460066771018,43.78517338943948],[-79.12430981828949,43.785405699313564],[-79.12418386185892,43.78592450678423],[-79.12396844629258,43.78614323794235],[-79.12367164768511,43.78637817864112],[-79.12336183813751,43.7865850787468],[-79.12326642916015,43.78697096732385],[-79.12300833268093,43.78729096077213],[-79.12273683497916,43.78755801871175],[-79.1223416819412,43.7877490162988],[-79.12218683479297,43.78811509664988],[-79.12207968394797,43.78848832946381],[-79.12172871401708,43.78873773574979],[-79.12136243139685,43.78895513346459],[-79.1212335688033,43.78937263494447],[-79.12108209668078,43.789655044982084],[-79.12080999391037,43.78994487624491],[-79.12053673993796,43.79017238018014],[-79.12057019486386,43.790530968368756],[-79.12048582773424,43.790883768474714],[-79.11997279370553,43.79157678527569],[-79.11950530942705,43.79212425175358],[-79.11913756390277,43.79245686313467],[-79.11884230612488,43.79295981114818],[-79.11859983469186,43.793482073147366],[-79.11826989351539,43.79384807726091],[-79.11811627614954,43.794088379552846],[-79.1182173802372,43.794295141417116],[-79.11868669936666,43.79435799740391]]]}"}}, {"model": "zinnia_extend.picture", "pk": 1, "fields": {"title": "Resurge - Old Mill Station", "image": "gallery/35330059854_665fcacb97_k.jpg", "gallery": null}}, {"model": "zinnia_extend.picture", "pk": 2, "fields": {"title": "Resurge - Old Mill Station 2", "image": "gallery/35361712643_dff43cb5b9_k.jpg", "gallery": null}}, {"model": "zinnia_extend.picture", "pk": 3, "fields": {"title": "Resurge - Old Mill Station 3", "image": "gallery/35775608720_63ba01f680_k.jpg", "gallery": null}}, {"model": "zinnia_extend.picture", "pk": 4, "fields": {"title": "Resurge - Old Mill Station 4", "image": "gallery/35775766530_f102d07026_k.jpg", "gallery": null}}, {"model": "zinnia_extend.picture", "pk": 5, "fields": {"title": "Resurge - Old Mill Station 5", "image": "gallery/36035258011_ef73d4a02d_k.jpg", "gallery": null}}, {"model": "zinnia_extend.picture", "pk": 6, "fields": {"title": "Embassy of Imagination 1", "image": "gallery/37162397313_b2d5c14b29_k.jpg", "gallery": null}}, {"model": "zinnia_extend.picture", "pk": 17, "fields": {"title": "kgo-1", "image": "gallery/kgo-1_D9KUg6B.jpg", "gallery": 4}}, {"model": "zinnia_extend.picture", "pk": 40, "fields": {"title": "Resurge-1", "image": "gallery/resurge-1_YHnJoFb.jpg", "gallery": 5}}, {"model": "zinnia_extend.picture", "pk": 59, "fields": {"title": "Resurge-2", "image": "gallery/resurge-2_TwSG9dv.jpg", "gallery": 5}}, {"model": "zinnia_extend.picture", "pk": 60, "fields": {"title": "Resurge-3", "image": "gallery/resurge-3_crIUzQH.jpg", "gallery": 5}}, {"model": "zinnia_extend.picture", "pk": 61, "fields": {"title": "Resurge-4", "image": "gallery/resurge-4_gfnij0l.jpg", "gallery": 5}}, {"model": "zinnia_extend.picture", "pk": 62, "fields": {"title": "Resurge-5", "image": "gallery/resurge-5_6AbzETv.jpg", "gallery": 5}}, {"model": "zinnia_extend.picture", "pk": 63, "fields": {"title": "Resurge-6", "image": "gallery/resurge-6_9PdiUUu.jpg", "gallery": 5}}, {"model": "zinnia_extend.picture", "pk": 64, "fields": {"title": "Resurge-7", "image": "gallery/resurge-7_ZX17OXI.jpg", "gallery": 5}}, {"model": "zinnia_extend.picture", "pk": 65, "fields": {"title": "Resurge-8", "image": "gallery/resurge-8_1u9FvpJ.jpg", "gallery": 5}}, {"model": "zinnia_extend.picture", "pk": 66, "fields": {"title": "Resurge-9", "image": "gallery/resurge-9_bs7R41z.jpg", "gallery": 5}}, {"model": "zinnia_extend.picture", "pk": 67, "fields": {"title": "Resurge-10", "image": "gallery/resurge-10_pOiG8lE.jpg", "gallery": 5}}, {"model": "zinnia_extend.picture", "pk": 68, "fields": {"title": "Resurge-11", "image": "gallery/resurge-11_dTusjQN.jpg", "gallery": 5}}, {"model": "zinnia_extend.picture", "pk": 69, "fields": {"title": "Resurge-12", "image": "gallery/resurge-12_RMhtW4c.jpg", "gallery": 5}}, {"model": "zinnia_extend.picture", "pk": 70, "fields": {"title": "kgo-2", "image": "gallery/kgo-2_CHuekFI.jpg", "gallery": 4}}, {"model": "zinnia_extend.picture", "pk": 73, "fields": {"title": "kgo-5", "image": "gallery/kgo-5_HBBVoW4.jpg", "gallery": 4}}, {"model": "zinnia_extend.picture", "pk": 74, "fields": {"title": "kgo-6", "image": "gallery/kgo-6_PQQXcSD.jpg", "gallery": 4}}, {"model": "zinnia_extend.picture", "pk": 75, "fields": {"title": "kgo-7", "image": "gallery/kgo-7_t9qoErP.jpg", "gallery": 4}}, {"model": "zinnia_extend.picture", "pk": 76, "fields": {"title": "kgo-8", "image": "gallery/kgo-8_D7rpssM.jpg", "gallery": 4}}, {"model": "zinnia_extend.picture", "pk": 77, "fields": {"title": "kgo-9", "image": "gallery/kgo-9_K0LJawH.jpg", "gallery": 4}}, {"model": "zinnia_extend.picture", "pk": 84, "fields": {"title": "embassy 1", "image": "gallery/cape-dorset-1_olu5HbD.jpg", "gallery": 2}}, {"model": "zinnia_extend.picture", "pk": 85, "fields": {"title": "embassy 2", "image": "gallery/cape-dorset-2_TDpiOb0.jpg", "gallery": 2}}, {"model": "zinnia_extend.picture", "pk": 86, "fields": {"title": "embassy 3", "image": "gallery/cape-dorset-3_AFBpvQi.jpg", "gallery": 2}}, {"model": "zinnia_extend.picture", "pk": 87, "fields": {"title": "embassy 4", "image": "gallery/cape-dorset-4_tTYVKzD.jpg", "gallery": 2}}, {"model": "zinnia_extend.picture", "pk": 88, "fields": {"title": "embassy 5", "image": "gallery/cape-dorset-5_yApAZlu.jpg", "gallery": 2}}, {"model": "zinnia_extend.picture", "pk": 90, "fields": {"title": "embassy 7", "image": "gallery/cape-dorset-7_H6qv60n.jpg", "gallery": 2}}, {"model": "zinnia_extend.picture", "pk": 91, "fields": {"title": "embassy 8", "image": "gallery/cape-dorset-8_mBuk08r.jpg", "gallery": 2}}, {"model": "zinnia_extend.picture", "pk": 92, "fields": {"title": "embassy 9", "image": "gallery/cape-dorset-11_dWOKQCr.jpg", "gallery": 2}}, {"model": "zinnia_extend.picture", "pk": 93, "fields": {"title": "embassy 12", "image": "gallery/cape-dorset-12_KdFCnCH.jpg", "gallery": 2}}, {"model": "zinnia_extend.picture", "pk": 94, "fields": {"title": "embassy 13", "image": "gallery/cape-dorset-13_Z2L2Lis.jpg", "gallery": 2}}, {"model": "zinnia_extend.picture", "pk": 95, "fields": {"title": "embassy 14", "image": "gallery/cape-dorset-14_dCAG0Dv.jpg", "gallery": 2}}, {"model": "zinnia_extend.picture", "pk": 96, "fields": {"title": "llgl-0", "image": "gallery/LL-GL-0.jpg", "gallery": 6}}, {"model": "zinnia_extend.picture", "pk": 97, "fields": {"title": "llgl-1", "image": "gallery/LL-GL-1.jpg", "gallery": 6}}, {"model": "zinnia_extend.picture", "pk": 98, "fields": {"title": "llgl-2", "image": "gallery/LL-GL-2.jpg", "gallery": 6}}, {"model": "zinnia_extend.picture", "pk": 99, "fields": {"title": "llgl-3", "image": "gallery/LL-GL-3.jpg", "gallery": 6}}, {"model": "zinnia_extend.picture", "pk": 101, "fields": {"title": "llgl-5", "image": "gallery/LL-GL-5.jpg", "gallery": 6}}, {"model": "zinnia_extend.picture", "pk": 102, "fields": {"title": "llgl-6", "image": "gallery/LL-GL-6.jpg", "gallery": 6}}, {"model": "zinnia_extend.picture", "pk": 103, "fields": {"title": "llgl-7", "image": "gallery/LL-GL-7.jpg", "gallery": 6}}, {"model": "zinnia_extend.picture", "pk": 104, "fields": {"title": "llgl-8", "image": "gallery/LL-GL-8.jpg", "gallery": 6}}, {"model": "zinnia_extend.picture", "pk": 105, "fields": {"title": "Ecoscope-1", "image": "gallery/ecoscope-1_OMQArFQ.jpg", "gallery": 3}}, {"model": "zinnia_extend.picture", "pk": 106, "fields": {"title": "Ecoscope-2", "image": "gallery/ecoscope-2_tlSHyS2.jpg", "gallery": 3}}, {"model": "zinnia_extend.picture", "pk": 107, "fields": {"title": "Ecoscope-3", "image": "gallery/ecoscope-3_UEUTEX2.jpg", "gallery": 3}}, {"model": "zinnia_extend.picture", "pk": 108, "fields": {"title": "Ecoscope-4", "image": "gallery/ecoscope-4_OGQ1w4U.jpg", "gallery": 3}}, {"model": "zinnia_extend.picture", "pk": 109, "fields": {"title": "Ecoscope-5", "image": "gallery/ecoscope-5_1U90bDj.jpg", "gallery": 3}}, {"model": "zinnia_extend.picture", "pk": 110, "fields": {"title": "Ecoscope-6", "image": "gallery/ecoscope-6_2vgBXWu.jpg", "gallery": 3}}, {"model": "zinnia_extend.gallery", "pk": 2, "fields": {"title": "Embassy of Imagination"}}, {"model": "zinnia_extend.gallery", "pk": 3, "fields": {"title": "Ecoscope"}}, {"model": "zinnia_extend.gallery", "pk": 4, "fields": {"title": "KGO"}}, {"model": "zinnia_extend.gallery", "pk": 5, "fields": {"title": "Resurge - Old Mill Station"}}, {"model": "zinnia_extend.gallery", "pk": 6, "fields": {"title": "Love Letter to the Great Lakes"}}, {"model": "zinnia.category", "pk": 1, "fields": {"title": "Stories", "slug": "stories", "description": "", "parent": null, "lft": 1, "rght": 2, "tree_id": 5, "level": 0}}, {"model": "zinnia.category", "pk": 2, "fields": {"title": "Events", "slug": "events", "description": "Events", "parent": null, "lft": 1, "rght": 2, "tree_id": 1, "level": 0}}, {"model": "zinnia.category", "pk": 3, "fields": {"title": "In The News", "slug": "news", "description": "In The News", "parent": null, "lft": 1, "rght": 2, "tree_id": 2, "level": 0}}, {"model": "zinnia.category", "pk": 4, "fields": {"title": "Pages", "slug": "pages", "description": "", "parent": null, "lft": 1, "rght": 2, "tree_id": 4, "level": 0}}, {"model": "zinnia.category", "pk": 5, "fields": {"title": "Map", "slug": "map", "description": "", "parent": null, "lft": 1, "rght": 6, "tree_id": 3, "level": 0}}, {"model": "zinnia.category", "pk": 6, "fields": {"title": "location A", "slug": "location", "description": "", "parent": 5, "lft": 2, "rght": 3, "tree_id": 3, "level": 1}}, {"model": "zinnia.category", "pk": 7, "fields": {"title": "location B", "slug": "location-b", "description": "", "parent": 5, "lft": 4, "rght": 5, "tree_id": 3, "level": 1}}, {"model": "zinnia.entry", "pk": 3, "fields": {"title": "Embassy of Imagination - Cape Dorset Youth Mural - Coronation Park", "slug": "embassy-imagination-cape-dorset-youth-mural-coronation-park", "status": 2, "publication_date": "2018-03-23T00:29:36", "start_publication": null, "end_publication": null, "creation_date": "2018-03-23T00:32:24.661", "last_update": "2018-04-09T01:57:53.350", "content": "<p>Avatittinnik Kamatsiarniq is a legacy public mural created by Inuit youth artists from Kinngait (Cape Dorset, NU) on Toronto&#39;s waterfront. Embassy of Imagination is an arts initiative for you in Kinngait. Parallel to this project, photo and video documentation of Avatittinnik Kamatsiarniq will be presented at the Art Gallery of Ontario as part of the group exhibition of Canadian Art, Every.Now.Then: Reframing Nationhood, June 29-January 21, 2018.</p>\r\n\r\n<p>&nbsp;</p>\r\n\r\n<p>&nbsp;</p>", "comment_enabled": true, "pingback_enabled": true, "trackback_enabled": true, "comment_count": 0, "pingback_count": 0, "trackback_count": 0, "lead": "", "excerpt": "Avatittinnik Kamatsiarniq is a legacy public mural created by Inuit youth artists from Kinngait (Cape Dorset, NU) on Toronto&#39;s waterfront. Embassy of Imagination is an arts initiative for you in Kinngait. Parallel to this project, photo and video documentation of Avatittinnik Kamatsiarniq will be presented at the Art Gallery of...", "image": "uploads/2018/03/23/cape-dorset-1.jpg", "image_caption": "", "featured": true, "tags": "", "login_required": false, "password": "", "content_template": "zinnia/_entry_detail.html", "detail_template": "entry_detail.html", "gallery": 2, "sites": [2], "related": [], "authors": [1], "categories": [1]}}, {"model": "zinnia.entry", "pk": 4, "fields": {"title": "Ecoscope - Kirsten Mccrea", "slug": "ecoscope-kirsten-mccrea", "status": 2, "publication_date": "2018-03-23T00:32:51", "start_publication": null, "end_publication": null, "creation_date": "2018-03-23T00:34:39.052", "last_update": "2018-04-09T02:01:34.564", "content": "<p>A series of eco-educational murals by artist<a href=\"https://www.hellokirsten.com/\"> Kirsten Mccrea</a> on bridges crossing over Toronto&#39;s Ravines.</p>\r\n\r\n<hr />\r\n<p><a href=\"https://www.flickr.com/photos/panampath/sets/72157685604061643\" target=\"_blank\">Link to&nbsp;full gallery</a></p>", "comment_enabled": true, "pingback_enabled": true, "trackback_enabled": true, "comment_count": 0, "pingback_count": 0, "trackback_count": 0, "lead": "", "excerpt": "A series of eco-educational murals by artist Kirsten Mccrea on bridges crossing over Toronto&#39;s Ravines.", "image": "uploads/2018/03/23/ecoscope-1.jpg", "image_caption": "", "featured": true, "tags": "", "login_required": false, "password": "", "content_template": "zinnia/_entry_detail.html", "detail_template": "entry_detail.html", "gallery": 3, "sites": [2], "related": [], "authors": [1], "categories": [1]}}, {"model": "zinnia.entry", "pk": 5, "fields": {"title": "KGO Towers", "slug": "kgo-towers", "status": 2, "publication_date": "2018-03-23T00:35:00", "start_publication": null, "end_publication": null, "creation_date": "2018-03-23T00:36:54.352", "last_update": "2018-04-09T02:00:48.815", "content": "<p>Artists<a href=\"http://fauxreel.ca/\"> Dan Bergeron</a> +<a href=\"http://www.specterart.com/\"> Gabe Spectre</a> will be completing the second wall of their KGO mural project, a 14 storey tall mural in Scarborough depicting how the natural and built worlds coincide.</p>", "comment_enabled": true, "pingback_enabled": true, "trackback_enabled": true, "comment_count": 0, "pingback_count": 0, "trackback_count": 0, "lead": "", "excerpt": "Artists Dan Bergeron + Gabe Spectre will be completing the second wall of their KGO mural project, a 14 storey tall mural in Scarborough depicting how the natural and built worlds coincide.", "image": "uploads/2018/03/23/kgo-1.jpg", "image_caption": "", "featured": true, "tags": "", "login_required": false, "password": "", "content_template": "zinnia/_entry_detail.html", "detail_template": "entry_detail.html", "gallery": 4, "sites": [2], "related": [], "authors": [1], "categories": [1]}}, {"model": "zinnia.entry", "pk": 6, "fields": {"title": "Resurge - Old Mill Station", "slug": "resurge-old-mill-station", "status": 2, "publication_date": "2018-03-23T02:20:33", "start_publication": null, "end_publication": null, "creation_date": "2018-03-23T02:21:03.205", "last_update": "2018-04-09T02:00:34.901", "content": "<p>Illuminating 13,500+ years of Indigenous peoples history on Turtle Island. Across 10 time points this work shows their cosmology, mapping their place within the Universe and its beginnings, with light and dark showing their world linked to the underworld (Underwater World) and spirit world (Sky World) by<a href=\"http://muskratmagazine.com/phil-cote-talks-first-story-toronto-history-through-an-indigenous-lens/\"> Philip Cote</a>.</p>\r\n\r\n<p><br />\r\nConnective water-work by top graffiti artists<a href=\"http://www.widewalls.ch/artist/young-jarus/\"> Jarus</a> and<a href=\"http://www.kwest.tv/\"> KWEST</a> draws a parallel with the resurgent power of nature, the underworld and spirit world, and the need to listen to Indigenous teachings.</p>", "comment_enabled": true, "pingback_enabled": true, "trackback_enabled": true, "comment_count": 0, "pingback_count": 0, "trackback_count": 0, "lead": "", "excerpt": "Illuminating 13,500+ years of Indigenous peoples history on Turtle Island. Across 10 time points this work shows their cosmology, mapping their place within the Universe and its beginnings, with light and dark showing their world linked to the underworld (Underwater World) and spirit world (Sky World) by Philip Cote. Connective...", "image": "uploads/2018/03/23/resurge-1.jpg", "image_caption": "", "featured": true, "tags": "", "login_required": false, "password": "", "content_template": "zinnia/_entry_detail.html", "detail_template": "entry_detail.html", "gallery": 5, "sites": [2], "related": [], "authors": [1], "categories": [1]}}, {"model": "zinnia.entry", "pk": 7, "fields": {"title": "Old Mill bridge transformed into canvas for Indigenous art", "slug": "old-mill-bridge-transformed-canvas-indigenous-art", "status": 2, "publication_date": "2017-07-27T23:57:28", "start_publication": null, "end_publication": null, "creation_date": "2018-03-27T23:59:06.780", "last_update": "2018-04-09T01:57:37.091", "content": "<p><strong><em>Artist says spirituality key to understanding Indigenous perspective</em></strong></p>\r\n\r\n<p><em>Few passengers boarding the subway at Old Mill where it crosses over Humber Park realize that the massive concrete pylons supporting the&nbsp;station have become a series of concrete canvases&nbsp;in the park below.</em></p>\r\n\r\n<p><em>But walk past the station, down Old Mill Road&nbsp;and turn right into Humber Park, and you&#39;ll find Indigenous artist Philip Cote, perched on a scaffold, working on any one of ten murals that transform&nbsp;the pylons into teaching tools for Indigenous history.</em></p>\r\n\r\n<p><em>Cote&#39;s circular murals depicting the Anishinaabe creation story are a public art commission for the Pan Am Path, the 80-kilometre path that will eventually link walking and cycling paths across the city.</em></p>\r\n\r\n<p><em>For Cote, the murals are a chance to share Indigenous history and science, informed by a spiritual understanding &mdash;&nbsp;typical of Indigenous thought.</em></p>\r\n\r\n<p><em>&quot;The whole idea of this mural is a small seed that&#39;s going to get planted and it&#39;s going to go somewhere,&quot; said Cote. &quot;It&#39;s the creation story of the Anishinaabe people, so we&#39;re talking about a different way of looking at the world.&quot;...</em></p>\r\n\r\n<hr />\r\n<p>by Mary Wiens&nbsp;&middot;&nbsp;<strong>CBC News</strong> |<strong>&nbsp;<a href=\"http://www.cbc.ca/news/canada/toronto/programs/metromorning/old-mill-bridge-transformed-into-canvas-for-indigenous-art-1.4213284\" target=\"_blank\">Link to full article</a></strong></p>", "comment_enabled": true, "pingback_enabled": true, "trackback_enabled": true, "comment_count": 0, "pingback_count": 0, "trackback_count": 0, "lead": "", "excerpt": "Artist says spirituality key to understanding Indigenous perspective Mary Wiens&nbsp;&middot;&nbsp;CBC News&nbsp;&middot;&nbsp;Posted: Jul 20, 2017 11:00 AM ET | Last Updated: July 20, 2017 Few passengers boarding the subway at Old Mill where it crosses over Humber Park realize that the massive concrete pylons supporting the&nbsp;station have become a series of...", "image": "uploads/2018/03/28/oldmill.jpg", "image_caption": "", "featured": true, "tags": "", "login_required": false, "password": "", "content_template": "zinnia/_entry_detail.html", "detail_template": "entry_detail.html", "gallery": null, "sites": [2], "related": [], "authors": [1], "categories": [3]}}, {"model": "zinnia.entry", "pk": 9, "fields": {"title": "How accessible is the Pan Am Path? One group is mapping the trail to find out", "slug": "how-accessible-pan-am-path-one-group-mapping-trail-find-out", "status": 2, "publication_date": "2017-07-08T00:12:36", "start_publication": null, "end_publication": null, "creation_date": "2018-03-28T00:14:24.011", "last_update": "2018-04-09T01:57:16.060", "content": "<p><em><strong>Partnership hopes to make the path more inclusive</strong></em></p>\r\n\r\n<p><em>One Toronto group is en route to making outdoor trails more accessible. AccessNow is mapping the&nbsp;<a href=\"https://www1.toronto.ca/City%20Of%20Toronto/Strategic%20Communications/Pan%20Am%202015/Links/2015-04-28_Toronto_PanAm_DistanceIndicator.pdf\" target=\"_blank\">Pan Am Path</a>&nbsp;to find out how easily people with mobility devices can use the trail.</em></p>\r\n\r\n<p><em>Maayan Ziv, founder of AccessNow, an advocacy organization, said that people often forget about lifestyle and recreational activities in the conversation about accessibility. This project is trying to change that.</em></p>\r\n\r\n<p><em>&quot;We&#39;re trying to look at how they can get people with disabilities and others who need&nbsp;access out and enjoying themselves just like everyone else,&quot; said Ziv.</em></p>\r\n\r\n<p><em>A local handcyclist athlete, Anthony Lue will be taking the wheels. He&#39;s riding an off-road motorized handcycle created by a company called Icon Wheelchairs. It&#39;s outfitted with a 360-degree&nbsp;Google trekker camera...</em></p>\r\n\r\n<hr />\r\n<p>by&nbsp;Salma Ibrahim -&nbsp;<strong>CBC News</strong> | <a href=\"http://www.cbc.ca/news/canada/toronto/pan-am-path-accessibility-map-1.4196343\" target=\"_blank\"><strong>Link to full article</strong></a></p>", "comment_enabled": true, "pingback_enabled": true, "trackback_enabled": true, "comment_count": 0, "pingback_count": 0, "trackback_count": 0, "lead": "", "excerpt": "&nbsp; Partnership hopes to make the path more inclusive One Toronto group is en route to making outdoor trails more accessible. AccessNow is mapping the&nbsp;Pan Am Path&nbsp;to find out how easily people with mobility devices can use the trail. Maayan Ziv, founder of AccessNow, an advocacy organization, said that people...", "image": "uploads/2018/03/28/accessnow-mapping-team.jpg", "image_caption": "", "featured": true, "tags": "", "login_required": false, "password": "", "content_template": "zinnia/_entry_detail.html", "detail_template": "entry_detail.html", "gallery": null, "sites": [2], "related": [], "authors": [1], "categories": [3]}}, {"model": "zinnia.entry", "pk": 10, "fields": {"title": "This group is using a 360-camera to map Toronto's accessibility on the Pan Am Path", "slug": "group-using-360-camera-map-torontos-accessibility-pan-am-path", "status": 2, "publication_date": "2017-07-04T00:16:20", "start_publication": null, "end_publication": null, "creation_date": "2018-03-28T00:18:26.788", "last_update": "2018-04-09T02:03:20.660", "content": "<p><strong>AccessNow would like to map parks throughout Ontario next</strong></p>\r\n\r\n<p>For Maayan Ziv, accessibility means a lot more than the availability of ramps to get into a government building or restaurant.</p>\r\n\r\n<p>The 27-year-old founder of the social enterprise AccessNow, who uses a wheelchair, has turned her attention to accessibility for trails and parks.</p>\r\n\r\n<p>&quot;When we talk about accessibility, often we forget about recreational activities,&quot; she said.</p>\r\n\r\n<p>&quot;People should think of recreational areas as inclusive spaces.&quot;</p>\r\n\r\n<p>Over the past few days Ziv and project suporters Anthony Lue and Jeff Adams have mapped accessibility on the 85-km Pan Am Path that runs from one side of the city to the other, in collaboration with Google Maps and wheelchair company Icon Wheelchairs. Using a modified mountain bike wheelchair with a mounted 360-degree camera, the project captures the path from all angles.</p>\r\n\r\n<p>Zivsays that considering accessibility on trail systems is difficult. Some access points might not be accessible, others might not be clearly marked, and because of the natural environment there may be sudden changes in the steepness of the ground...</p>\r\n\r\n<hr />\r\n<p>by Dave Hains - <strong>Metro News</strong> | <a href=\"http://www.metronews.ca/news/toronto/2017/07/04/access-now-maps-pan-am-path.html\" target=\"_blank\"><strong>Link to full article</strong></a></p>", "comment_enabled": true, "pingback_enabled": true, "trackback_enabled": true, "comment_count": 0, "pingback_count": 0, "trackback_count": 0, "lead": "", "excerpt": "&nbsp; AccessNow would like to map parks throughout Ontario next For Maayan Ziv, accessibility means a lot more than the availability of ramps to get into a government building or restaurant. The 27-year-old founder of the social enterprise AccessNow, who uses a wheelchair, has turned her attention to accessibility for...", "image": "uploads/2018/03/28/mapping-metro.jpg", "image_caption": "", "featured": true, "tags": "", "login_required": false, "password": "", "content_template": "zinnia/_entry_detail.html", "detail_template": "entry_detail.html", "gallery": null, "sites": [2], "related": [], "authors": [1], "categories": [3]}}, {"model": "zinnia.entry", "pk": 12, "fields": {"title": "Love Letter to the Great Lakes", "slug": "love-letter-great-lakes", "status": 2, "publication_date": "2018-03-28T02:19:35", "start_publication": null, "end_publication": null, "creation_date": "2018-03-28T02:20:42.909", "last_update": "2018-04-09T02:00:25.250", "content": "<p>In the 2017 edition of Love Letters to the Great Lakes, a water-themed mural was painted within the Bentway.</p>\r\n\r\n<p>&nbsp;</p>\r\n\r\n<hr />\r\n<p><a href=\"https://www.flickr.com/photos/panampath/sets/72157687005585093\" target=\"_blank\">Link to the full gallery</a></p>", "comment_enabled": true, "pingback_enabled": true, "trackback_enabled": true, "comment_count": 0, "pingback_count": 0, "trackback_count": 0, "lead": "", "excerpt": "In the 2017 edition of Love Letters to the Great Lakes, a water-themed mural was painted within the Bentway. Link to the full gallery", "image": "uploads/2018/03/28/ll-gl-0.jpg", "image_caption": "", "featured": true, "tags": "", "login_required": false, "password": "", "content_template": "zinnia/_entry_detail.html", "detail_template": "entry_detail.html", "gallery": 6, "sites": [2], "related": [], "authors": [1], "categories": [1]}}, {"model": "zinnia.entry", "pk": 20, "fields": {"title": "The 16 Coolest Secret Things To Do In Toronto", "slug": "16-coolest-secret-things-do-toronto", "status": 2, "publication_date": "2017-04-01T20:07:58", "start_publication": null, "end_publication": null, "creation_date": "2018-04-30T20:10:07.166", "last_update": "2018-04-30T20:12:23.113", "content": "<p><strong>Pan Am Path</strong>&nbsp;consists of an 80-km stretch of trails that runs from Brampton all the way to the south portion of Rouge Park. The path is lined with various art installations and murals that are an ode to Toronto&#39;s nature and cultural diversity.</p>\r\n\r\n<p><a href=\"https://www.narcity.com/ca/on/toronto/things-to-do-in-to/the-17-coolest-secret-things-to-do-in-toronto\">Read the article</a></p>", "comment_enabled": true, "pingback_enabled": true, "trackback_enabled": true, "comment_count": 0, "pingback_count": 0, "trackback_count": 0, "lead": "", "excerpt": "Pan Am Path&nbsp;consists of an 80-km stretch of trails that runs from Brampton all the way to the south portion of Rouge Park. The path is lined with various art installations and murals that are an ode to Toronto&#39;s nature and cultural diversity. Read the article", "image": "uploads/2018/04/30/18201279270_061bea3352_o.jpg", "image_caption": "", "featured": true, "tags": "", "login_required": false, "password": "", "content_template": "zinnia/_entry_detail.html", "detail_template": "entry_detail.html", "gallery": null, "sites": [2], "related": [], "authors": [1], "categories": [3]}}, {"model": "zinnia.entry", "pk": 21, "fields": {"title": "10 Tips for a day on the Pan Am Path", "slug": "10-tips-day-pan-am-path", "status": 2, "publication_date": "2018-04-30T20:12:52", "start_publication": null, "end_publication": null, "creation_date": "2018-04-30T20:15:17.452", "last_update": "2018-04-30T20:15:17.472", "content": "<h3><strong>Planning Your Day on the Path</strong></h3>\r\n\r\n<p>With your decision to spend time on the Pan Am Path, you have already taken the first step towards a fun-filled day of exercise and exploration in the city. However, while we at Friends of the Pan Path encourage spontaneous trips, we think that there are 6 things you should do when planning your day on the Path.</p>\r\n\r\n<p>&nbsp;</p>\r\n\r\n<hr />\r\n<p>&nbsp;</p>\r\n\r\n<p><strong>1. Figure out your mode of transportation</strong></p>\r\n\r\n<p>The Pan Am Path stretches for 87km through various parts of the city, and is a perfect place to take a relaxing walk, rollerblade, skateboard, or ride your bicycle. You can choose any of these great choices: just make sure that you prepare ahead of time to avoid unexpected difficulties. If you&rsquo;re walking or jogging, bring a comfortable pair of footwear; if you&rsquo;re riding your bike, make sure it is in good condition and the wheels are properly inflated.</p>\r\n\r\n<p>If you don&#39;t have a bike, you can rent (INCLUDE LINKS)</p>\r\n\r\n<p>&nbsp;</p>\r\n\r\n<p><strong>2. Bring a map for navigation</strong></p>\r\n\r\n<p>The Pan Am Path is comprised of many paths and roadways, and at certain points it is easy to take one wrong turn and get lost. To avoid any detours, we recommend that you bring our mobile map with you. For users who prefer to be offline, you can download a pdf copy of our map here, which can then be stored on your mobile device or printed out and kept in your pocket.</p>\r\n\r\n<p>&nbsp;</p>\r\n\r\n<p><strong>3. Check the weather &amp; dress appropriately</strong></p>\r\n\r\n<p>In our city the weather can vary dramatically, so make sure that you are prepared for the conditions that await you. We recommend to bring a backpack: you can store extra clothes to put on in case it gets cold and there will be room to store the clothes you are wearing if it gets hot. Be sure to bring a poncho or umbrella in case it rains!</p>\r\n\r\n<p>&nbsp;</p>\r\n\r\n<p><strong>&nbsp;4. Be aware of any obstacles, closures &amp; safety concerns</strong></p>\r\n\r\n<p>While uncommon, it is possible that certain parts of the Path will be closed due to construction or inaccessible due to flooding or other adverse weather conditions. You want to be aware of these obstacles so that you can find ways around them ahead of time. (Put TRCA, Weather Network, City of Toronto Links)</p>\r\n\r\n<p>Have a flashlight, blinkers on your bike, you might not see in some places becuase they aren&rsquo;t lit</p>\r\n\r\n<p>&nbsp;</p>\r\n\r\n<p><strong>5. Have fuel for your body on hand</strong></p>\r\n\r\n<p>While there are many places to get food and water along the path, there are long stretches (particularly in the ravines) where food and water will be difficult to find. Therefore, don&rsquo;t forget to bring a reusable water bottle to keep you hydrated, particularly on hot summer days. For food you can throw something light into your backpack, be it a couple of granola bars, a bag of trail mix, or a sandwich. Trust me, they will make a huge difference!</p>\r\n\r\n<p>&nbsp;</p>\r\n\r\n<p><strong>6. Give yourself freedom to explore</strong></p>\r\n\r\n<p>While you may start out wanting to only ride along the Path, you will most likely find yourself changing your mind in the moment. Perhaps you will want to attend one of the many events happening on the Path every month. Maybe you&rsquo;d like to make a pit stop and go to one of the many great restaurants along the Path. You may find yourself wanting to explore a city neighbourhood that you&rsquo;ve never been to before. Or you might just be tired, and would prefer to head back home and continue the ride another day. Either way, we recommend that you buy a sturdy U-Lock to securely park your bicycle when the opportunity to go off the trail arises. If you are using an alternative mode of transportation (like rollerblades) we recommend you bring a big-enough bag with you to store them, so you don&rsquo;t have to lug them around. Finally, bring your wallet with you so that you can pay for transit and aren&rsquo;t limited to coming back the way you came.</p>", "comment_enabled": true, "pingback_enabled": true, "trackback_enabled": true, "comment_count": 0, "pingback_count": 0, "trackback_count": 0, "lead": "", "excerpt": "Planning Your Day on the Path With your decision to spend time on the Pan Am Path, you have already taken the first step towards a fun-filled day of exercise and exploration in the city. However, while we at Friends of the Pan Path encourage spontaneous trips, we think that...", "image": "uploads/2018/04/30/28760825554_4cecd26c63_k.jpg", "image_caption": "", "featured": true, "tags": "", "login_required": false, "password": "", "content_template": "zinnia/_entry_detail.html", "detail_template": "entry_detail.html", "gallery": null, "sites": [2], "related": [], "authors": [1], "categories": [1]}}, {"model": "zinnia.entry", "pk": 22, "fields": {"title": "IN-TER-PLAY", "slug": "in-ter-play", "status": 2, "publication_date": "2018-04-30T21:04:33", "start_publication": "2018-04-30T21:18:04", "end_publication": "2018-08-31T21:18:04", "creation_date": "2018-04-30T21:05:53.108", "last_update": "2018-05-01T22:16:37.346", "content": "<h3>Partners: TO Parks and Trees Foundation</h3>\r\n\r\n<h3>Dates: July / August 2018</h3>\r\n\r\n<hr />\r\n<p>Friends of the Pan Am Path present In-ter-play, a project built on a creative place making concept that encourages play for all ages.</p>\r\n\r\n<p>This project aims to provide three intergenerational park structures to specially selected parks within Neighbourhood Improvement Areas along the Pan Am Path to encourage seniors and adults to participate and play.</p>", "comment_enabled": true, "pingback_enabled": true, "trackback_enabled": true, "comment_count": 0, "pingback_count": 0, "trackback_count": 0, "lead": "Partners: TO Parks and Trees Foundation\r\nDates: July / August 2018", "excerpt": "Friends of the Pan Am Path present In-ter-play, a project built on a creative place making concept that encourages play for all ages. This project aims to provide three intergenerational park structures to specially selected parks within Neighbourhood Improvement Areas along the Pan Am Path to encourage seniors and adults...", "image": "", "image_caption": "", "featured": true, "tags": "", "login_required": false, "password": "", "content_template": "zinnia/_entry_detail.html", "detail_template": "entry_detail.html", "gallery": null, "sites": [2], "related": [], "authors": [1], "categories": [2]}}, {"model": "zinnia.entry", "pk": 23, "fields": {"title": "IN:SIGHT Rooftop Art", "slug": "sight-rooftop-art", "status": 2, "publication_date": "2018-05-01T22:09:46", "start_publication": null, "end_publication": null, "creation_date": "2018-05-01T22:11:23.184", "last_update": "2018-05-01T22:17:33.325", "content": "<h3>Partners: Waterfront Neighbourhood Centre, OCAD University</h3>\r\n\r\n<h3>Dates:OCAD Proposal Deadline: May 14, 2018</h3>\r\n\r\n<h3>Art Installation Completion: August 31st, 2018</h3>\r\n\r\n<hr />\r\n<p>&nbsp;</p>\r\n\r\n<p>IN:SIGHT ROOFTOP ART, is a community-led art design competition that will provide a one-of-a-kind opportunity to some of Toronto&rsquo;s top emerging OCAD artists and designers to showcase their talent in a uniquely collaborative way.</p>\r\n\r\n<p>The project will be overseen by a panel of Waterfront Neighbourhood Centre staff, local residents, community leaders, youth advocates, local academics and Toronto public art leaders.</p>\r\n\r\n<p>The proposed installation will be installed in the summer of 2018 on top of the Waterfront Neighbourhood Centre and will be visible to local condos, office buildings and air traffic through the nearby city centre airport.</p>\r\n\r\n<p>We are hoping to see this project as the inaugural pilot project for a longer-term partnership platform among the city&rsquo;s Waterfront developers, local emerging OCAD artists and local residents, where the roof top design competition becomes an annual event.</p>", "comment_enabled": true, "pingback_enabled": true, "trackback_enabled": true, "comment_count": 0, "pingback_count": 0, "trackback_count": 0, "lead": "Partners: Waterfront Neighbourhood Centre, OCAD University\r\n\r\nDates: OCAD Proposal Deadline: May 14, 2018\r\n\r\nArt Installation Completion: August 31st, 2018", "excerpt": "Partners: Waterfront Neighbourhood Centre, OCAD University Dates:OCAD Proposal Deadline: May 14, 2018 Art Installation Completion: August 31st, 2018 &nbsp; IN:SIGHT ROOFTOP ART, is a community-led art design competition that will provide a one-of-a-kind opportunity to some of Toronto&rsquo;s top emerging OCAD artists and designers to showcase their talent in a...", "image": "", "image_caption": "", "featured": true, "tags": "", "login_required": false, "password": "", "content_template": "zinnia/_entry_detail.html", "detail_template": "entry_detail.html", "gallery": null, "sites": [2], "related": [], "authors": [1], "categories": [2]}}, {"model": "zinnia.entry", "pk": 24, "fields": {"title": "Bac & All Festival", "slug": "bac-all-festival", "status": 2, "publication_date": "2018-05-01T22:14:41", "start_publication": null, "end_publication": null, "creation_date": "2018-05-01T22:15:21.762", "last_update": "2018-05-01T22:16:11.408", "content": "<h3>Partners: The Bentway Conservancy</h3>\r\n\r\n<h3>Date: August 6,, 2018</h3>\r\n\r\n<hr />\r\n<p>This unique event is a first ever community knowledge sharing celebration to follow the historic Caribana parade celebrations on August 6th, highlighting the historical roots of the Caribbean through a day of fellowship, workshops, food and a wind down from the Caribana parade weekend.</p>\r\n\r\n<p>This is a day time event at the Bentway Site and will be open to families and people of all ages. Programming includes a variety of Caribbean history workshops by Anique Jordan, Socacize classes, food and more!</p>", "comment_enabled": true, "pingback_enabled": true, "trackback_enabled": true, "comment_count": 0, "pingback_count": 0, "trackback_count": 0, "lead": "Partners: The Bentway Conservancy\r\nDate: August 6,, 2018", "excerpt": "Partners: The Bentway Conservancy Date: August 6,, 2018 This unique event is a first ever community knowledge sharing celebration to follow the historic Caribana parade celebrations on August 6th, highlighting the historical roots of the Caribbean through a day of fellowship, workshops, food and a wind down from the Caribana...", "image": "", "image_caption": "", "featured": true, "tags": "", "login_required": false, "password": "", "content_template": "zinnia/_entry_detail.html", "detail_template": "entry_detail.html", "gallery": null, "sites": [2], "related": [], "authors": [1], "categories": [2]}}, {"model": "zinnia.entry", "pk": 25, "fields": {"title": "Sustainable Cities", "slug": "sustainable-cities", "status": 2, "publication_date": "2018-05-01T22:23:54", "start_publication": null, "end_publication": null, "creation_date": "2018-05-01T22:24:57.588", "last_update": "2018-05-01T22:24:57.612", "content": "<h3>Partners: Evergreen Brickworks</h3>\r\n\r\n<h3>Dates: &nbsp;Final installation &ndash; October 31st, 2018</h3>\r\n\r\n<hr />\r\n<p>In a collaborative approach with Evergreen and Friends of the Pan Am Path (FOPAP), and curatorial efforts by International Street Artist, Emmanuel Jarus, we endeavour to build upon our unique abilities to transform public landscapes into thriving community spaces.</p>\r\n\r\n<p>With conditional support in place from both Metrolinx and TRCA, the proposed project will involve painting two surfaces of two large concrete pillars of Bridge 81 in the east parking lot of Evergreen Brick Works. The pillars face both Bayview Ave and the Don Valley Parkway, and are viewed by 10s of thousands of commuters daily.</p>\r\n\r\n<p>The project also recognizes the strength, abilities, and reach of a leading Canadian artist, Emmanuel Jarus, who has been immersed within the International Street Art realm for many years by positioning him in a curatorial role.</p>\r\n\r\n<p>FOPAP and Evergreen recognize the importance of creating space for a new generation of artists, that might act as a catalyst for accomplishing amazing things.</p>", "comment_enabled": true, "pingback_enabled": true, "trackback_enabled": true, "comment_count": 0, "pingback_count": 0, "trackback_count": 0, "lead": "Partners: Evergreen Brickworks\r\nDates:  Final installation \u2013 October 31st, 2018", "excerpt": "Partners: Evergreen Brickworks Dates: &nbsp;Final installation &ndash; October 31st, 2018 In a collaborative approach with Evergreen and Friends of the Pan Am Path (FOPAP), and curatorial efforts by International Street Artist, Emmanuel Jarus, we endeavour to build upon our unique abilities to transform public landscapes into thriving community spaces. With...", "image": "", "image_caption": "", "featured": true, "tags": "", "login_required": false, "password": "", "content_template": "zinnia/_entry_detail.html", "detail_template": "entry_detail.html", "gallery": null, "sites": [2], "related": [], "authors": [1], "categories": [2]}}]